Group ID,Label,Data Type,Valid Experiments,Target Flow,Target T_in,Real Flow (mL/min),Flow Exp. Unc. (±),Permeate Flux (g/min),Flux Exp. Unc. (±),Relative Unc. (%),Valid Replicates (n),Std. Unc. Type A,Comb. Std. Unc. (uc),Effective DOF,Coverage Factor (k),T1_mean,T1_u_expanded,T2_mean,T2_u_expanded,T3_mean,T3_u_expanded,T4_mean,T4_u_expanded,P1_mean,P1_u_expanded,P2_mean,P2_u_expanded
800 ml/min | 50°C,G03 · 800 ml/min | 50°C,experimento único,10,800 ml/min,50°C,710.06,5.317,0.738695193109197,0.04938402875753912,6.685305281286563,1,0.011183302676291695,0.01147757717389074,2,4.302652729696142,50.38664333333333,0.21566478939826936,49.52688,0.18633018824300474,31.62834,0.20929385029177983,30.69281,0.2002549960333621,660.453405783288,13.419763321644135,-1175.8010324500747,13.097863839206369
800 ml/min | 80°C,G06 · 800 ml/min | 80°C,experimento único,39,800 ml/min,80°C,710.06,5.317,1.4362889691580998,1.0145709142077337,70.63835592933908,1,0.23578711461622245,0.23580125516645725,2,4.302652729696142,81.39806666666667,0.2157349141617726,80.72434,0.18650094922300267,61.002539999999996,0.20910439301418154,59.49878666666666,0.19988414745640265,562.5934252714815,14.593566863600651,-726.8293368270676,14.772782732048539
800 ml/min | 55°C,G04 · 800 ml/min | 55°C,experimento único,15,800 ml/min,55°C,715.88,5.7168,0.8036632397888297,0.2733896140832676,34.01793195805539,1,0.12955412939739597,0.1295798632618135,17,2.1098155778331806,56.12597333333333,0.21588203548265453,55.79225666666667,0.1866194840816339,36.63036333333334,0.20998092292248277,35.69345666666667,0.20091966809249093,531.5842767304964,13.344159108844668,-544.660609742501,13.132943654082304
800 ml/min | 60°C,G05 · 800 ml/min | 60°C,grupo com réplicas,"1, 13, 21, 28",800 ml/min,60°C,716.71,8.4216,0.9588145263890321,0.12835821631701966,13.3871789365172,3,0.0907465826332643,0.0524572294081447,6,2.4469118511449692,61.113976666666666,0.5774099049454793,60.50797333333333,1.3219214359095164,42.142737777777775,0.6980121710784856,41.14460444444445,1.006193736049409,973.4729668761703,1077.2508352278016,-449.16532157277885,161.48814633508303
800 ml/min | 40°C,G01 · 800 ml/min | 40°C,grupo com réplicas,"24, 32, 33, 7",800 ml/min,40°C,717.85,8.8987,0.449922444930785,0.06697443780094692,14.885773882930003,4,0.05640494515784801,0.028323501188754912,7,2.3646242515927844,39.935561666666665,1.3258558023250953,39.48106166666666,1.4695706786790774,20.799755,1.2580767531810229,20.127763333333334,1.312067187581819,-397.8068377071904,3180.4083033416905,-402.80450226473107,57.27323745432599
800 ml/min | 45°C,G02 · 800 ml/min | 45°C,experimento único,19,800 ml/min,45°C,720.44,7.2894,0.5344751319811062,0.2733896140832676,51.15104477731472,1,0.12955412939739597,0.1295798632618135,17,2.1098155778331806,45.96684,0.2157734375105573,45.592526666666664,0.18647905689456737,25.876216666666664,0.20903086915205504,25.178093333333333,0.19944990560656564,424.92611656144527,16.071113310427993,-547.6605429618978,13.358876071452945
1000 ml/min | 45°C,G08 · 1000 ml/min | 45°C,experimento único,16,1000 ml/min,45°C,871.44,5.7866,0.7110608502361764,0.2733896140832676,38.448131969642574,1,0.12955412939739597,0.1295798632618135,17,2.1098155778331806,45.48397333333333,0.21572185858116244,45.051226666666665,0.1864784477988974,25.809276666666666,0.20990410835183868,25.03551,0.20036325054206908,8375.783748873164,14.246684614026211,-667.0768961208285,13.356462876844686
1000 ml/min | 40°C,G07 · 1000 ml/min | 40°C,grupo com réplicas,"25, 31, 34, 6",1000 ml/min,40°C,872.2,12.0883,0.4921433535139137,0.07724690201034981,15.696016507955523,3,0.05640494515784801,0.03266772805798518,7,2.3646242515927844,39.26972777777778,0.43768207255017333,38.73199,0.5938613088563108,20.394407777777776,0.23704501856353402,19.754657777777776,0.28082671834392425,1047.2146478612885,960.4085459236604,-1539.531302765871,4818.5272915957685
1000 ml/min | 60°C,G11 · 1000 ml/min | 60°C,grupo com réplicas,"22, 27, 36, 8",1000 ml/min,60°C,872.2,12.0883,1.0922558948366883,0.12835827143374368,11.751666623226193,3,0.0907465826332643,0.052457251933158824,6,2.4469118511449692,61.14655,1.6434531633541518,60.39875333333333,0.62224073555474,41.18168,1.1974627778004727,40.186659999999996,1.47396772135689,948.5266725290943,648.9424454128972,-598.1682368462422,643.9332766152662
1000 ml/min | 50°C,G09 · 1000 ml/min | 50°C,grupo com réplicas,"14, 2, 3",1000 ml/min,50°C,880.15,15.0313,0.7779407249746034,0.02991970071987554,3.8460129106690353,3,0.011183302676291695,0.006953780051402964,2,4.302652729696142,50.70454888888889,0.6556190513145556,50.21186555555556,1.2094455071487047,31.535882222222217,0.24085557927074966,30.76035111111111,0.21488376650948307,755.3154717000028,445.7070417060364,-776.5654224994793,185.69871649960928
1000 ml/min | 55°C,G10 · 1000 ml/min | 55°C,experimento único,11,1000 ml/min,55°C,884.5,12.6646,0.9921212424950725,0.273389645388111,27.556072149061844,1,0.12955412939739597,0.12957987809952906,17,2.1098155778331806,55.791893333333334,0.21577923030646626,55.24532666666667,0.18651679098156382,36.61067333333334,0.20933595851199363,35.64143333333333,0.19979255878493765,956.0621602207314,14.54104318346721,-730.7211970645304,13.318877592908656
1000 ml/min | 80°C,G12 · 1000 ml/min | 80°C,grupo com réplicas,"38, 40, 41",1000 ml/min,80°C,884.5,12.6646,1.887030265279225,0.717453002962446,38.020217066114945,2,0.23578711461622245,0.1667466672387277,2,4.302652729696142,80.58503833333333,0.5957586587432153,79.95111333333332,8.130264026968927,61.52099166666666,0.2637142860244135,60.09392833333334,1.1085026639800248,743.4077258379059,249.6083376167243,-936.2735770436817,159.92952886819785
1200 ml/min | 55°C,G16 · 1200 ml/min | 55°C,experimento único,20,1200 ml/min,55°C,1004.5,7.8598,1.1794342873020283,0.2733896140832676,23.1797241293239,1,0.12955412939739597,0.1295798632618135,17,2.1098155778331806,56.28488999999999,0.21574783159626265,55.61210666666667,0.18643214230121516,35.60839333333333,0.20955295769603915,34.65076333333333,0.20003445332953826,1201.3315346407796,17.53530670221702,-2020.233510423842,15.280264310622742
1200 ml/min | 40°C,G13 · 1200 ml/min | 40°C,grupo com réplicas,"26, 30, 35, 4",1200 ml/min,40°C,1015.32,31.5444,0.533544483412433,0.07725088477705185,14.478808642715638,3,0.05640494515784801,0.032669412370703935,7,2.3646242515927844,40.02119111111111,2.551021706966927,39.7030688888889,2.5507671991466596,22.38068,1.0447018889896589,21.847628888888888,0.9642014022791302,1624.1510829413135,432.5795640453391,-1865.0505017608268,3376.903312705945
1200 ml/min | 60°C,G17 · 1200 ml/min | 60°C,grupo com réplicas,"23, 29, 5",1200 ml/min,60°C,1018.93,51.0122,1.1379372047791052,0.12835561240425322,11.27967447282554,3,0.0907465826332643,0.05245616524526314,6,2.4469118511449692,60.35963888888889,2.663680053475198,60.10461666666668,2.7202413815070643,41.30461444444445,0.4095403565843201,40.430818888888886,0.37885300282570245,1313.2805517929683,1174.6775022842455,-1002.8300401690273,1122.908365175202
1200 ml/min | 45°C,G14 · 1200 ml/min | 45°C,experimento único,12,1200 ml/min,45°C,1047.79,20.4984,0.8055826439148175,0.273389652412306,33.936884623499196,1,0.12955412939739597,0.12957988142882243,17,2.1098155778331806,45.55614,0.21582434781810217,45.153650000000006,0.18653213476360608,26.10487,0.21071969850516456,25.384323333333334,0.2012315803219051,2255.715026915763,34.84729027275346,-1058.4422163247461,13.253371720755784
1200 ml/min | 50°C,G15 · 1200 ml/min | 50°C,experimento único,9,1200 ml/min,50°C,1047.79,20.4984,0.8502115721800124,0.04944863801246692,5.816039163719748,1,0.011183302676291695,0.011492593318345503,2,4.302652729696142,51.650916666666674,0.21576716371915736,51.39104999999999,0.18641969236072964,31.03168,0.20890686610183798,30.295509999999993,0.19939985514434572,1315.3472903430938,30.717500908482585,-3808.0995635844183,13.125866983335927
1200 ml/min | 80°C,G18 · 1200 ml/min | 80°C,grupo com réplicas,"37, 42",1200 ml/min,80°C,1047.79,20.4984,1.8610002778549597,0.7174529925550033,38.552008889647205,2,0.23578711461622245,0.1667466648198844,2,4.302652729696142,80.206895,0.248523808984574,79.56125166666666,2.1444143269722233,62.477153333333334,7.245415914468379,61.28499333333333,10.046134440674608,1279.4718550207488,3589.0099779437173,-851.0767223776934,600.4055462488991
